候选tag	匹配位置	判据	状态码	请求路径	来源文件	复核	备注
acemanager-login	body	(?i)<title>:::\ ACEmanager\ :::</title>	200	/	acemanager-login.yaml	ok	afrog-pocs(MIT): ACEmanager Detection；大小写不敏感｜复核 ok
acrolinx-dashboard	body	(?i)<title>Acrolinx\ Dashboard</title>|Acrolinx</title>	200	/dashboard.html	acrolinx-dashboard.yaml	ok	afrog-pocs(MIT): Acrolinx Dashboard；请求路径 /dashboard.html 未表达（我们按响应内容打标签）；大小写不敏感｜复核 ok
adminset-panel	body	(?i)<title>AdminSet\ Login</title>	200	/	adminset-panel.yaml	ok	afrog-pocs(MIT): Adminset Login Panel；大小写不敏感｜复核 ok
apisix-panel	body	<title>Apache\ APISIX\ Dashboard</title>	200	/user/login?redirect=%2F	apisix-panel.yaml	ok	afrog-pocs(MIT): Apache APISIX Login Panel；请求路径 /user/login?redirect=%2F 未表达（我们按响应内容打标签）｜复核 ok
arcgis-datastore-detect	body	(?i)<title>ArcGIS\ Data\ Store</title>	200	/arcgis/datastore	arcgis-datastore-detect.yaml	ok	afrog-pocs(MIT): ArcGIS Datastore Detect；请求路径 /arcgis/datastore 未表达（我们按响应内容打标签）；大小写不敏感｜复核 ok
azure-kubernetes-service	body	<title>Welcome\ to\ Azure\ Kubernetes\ Service\ \(AKS\)</title>	200	/version	azure-kubernetes-service.yaml	ok	afrog-pocs(MIT): Detect Azure Kubernetes Service；请求路径 /version 未表达（我们按响应内容打标签）｜复核 ok
cas-login	body	Central\ Authentication\ Service	200	/cas/login	cas-login.yaml	ok	afrog-pocs(MIT): CAS Login Panel；请求路径 /cas/login 未表达（我们按响应内容打标签）｜复核 ok
casemanager-panel	body	(?i)<title>CaseManager</title>	200	/login	casemanager-panel.yaml	ok	afrog-pocs(MIT): CaseManager Login Panel - Detect；请求路径 /login 未表达（我们按响应内容打标签）；大小写不敏感｜复核 ok
shiro	body	(?i)<title>Apache\ Shiro\ Quickstart</title>	200	/	default-apache-shiro.yaml	ok	afrog-pocs(MIT): Apache Shiro Default Page；大小写不敏感｜复核 ok；标签并入内置 shiro（afrog 源 id=default-apache-shiro）
django-admin-panel	body	<a\ href="/admin/">Django\ administration</a>	200	/admin/login/?next=/admin/	django-admin-panel.yaml	ok	afrog-pocs(MIT): Python Django Admin Panel；请求路径 /admin/login/?next=/admin/ 未表达（我们按响应内容打标签）｜复核 ok
druid	body	(?i)<title>druid\ monitor</title>	200	/druid/login.html	druid-panel.yaml	ok	afrog-pocs(MIT): Druid Panel；请求路径 /druid/login.html 未表达（我们按响应内容打标签）；大小写不敏感｜复核 ok；标签并入内置 druid（afrog 源 id=druid-panel）
geoserver-login-panel	body	(?i)<title>GeoServer:\ Welcome</title>	200	/geoserver/web/,/web	geoserver-login-panel.yaml	ok	afrog-pocs(MIT): GeoServer Login Panel - Detect；请求路径 /geoserver/web/,/web 未表达（我们按响应内容打标签）；大小写不敏感｜复核 ok
grafana	body	<title>Grafana</title>	200	/login	grafana-detect.yaml	ok	afrog-pocs(MIT): Grafana Panel；请求路径 /login 未表达（我们按响应内容打标签）｜复核 ok；标签并入内置 grafana（afrog 源 id=grafana-panel）
h3c-hci-management	body	'/uis/spring_check\?'	200	/uis/login	h3c-hci-management.yaml	ok	afrog-pocs(MIT): H3C 超融合管理平台；请求路径 /uis/login 未表达（我们按响应内容打标签）｜复核 ok
h3c-imc-panel	body	POPUP_WINDOW_SESSION_ID	200	/imc/login.jsf	h3c-imc-panel.yaml	ok	afrog-pocs(MIT): H3C Intelligent Management Center Panel；请求路径 /imc/login.jsf 未表达（我们按响应内容打标签）｜复核 ok
hanwang-detect	body	汉王人脸考勤管理系统	200	/	hanwang-detect.yaml	ok	afrog-pocs(MIT): hanwang-detect；非 ASCII 关键字，需确认响应编码｜复核 ok
huawei-esight-detect	body	src="/sso/themes/default/images/esight_frontground\.png"	200	/sso/login.action	huawei-esight-detect.yaml	ok	afrog-pocs(MIT): Huawei ESight Detect；请求路径 /sso/login.action 未表达（我们按响应内容打标签）｜复核 ok
hue-login-panel	body	(?i)welcome\ to\ hue	200	/hue/accounts/login?next=/	hue-login-panel.yaml	ok	afrog-pocs(MIT): Cloudera Hue Login Panel；请求路径 /hue/accounts/login?next=/ 未表达（我们按响应内容打标签）；大小写不敏感｜复核 ok
jenkins	body	hudson\.model\.Hudson	200	/api/xml	jenkins-api-panel.yaml	ok	afrog-pocs(MIT): Jenkins API Instance Detection Template；请求路径 /api/xml 未表达（我们按响应内容打标签）｜复核 ok；标签并入内置 jenkins（afrog 源 id=jenkins-api-panel）
jenkins	body	(?i)Sign\ in\ \[Jenkins\]|<title>登录\ \[Jenkins\]</title>	200	/login	jenkins-login.yaml	ok	afrog-pocs(MIT): Jenkins Login Detected；请求路径 /login 未表达（我们按响应内容打标签）；大小写不敏感；非 ASCII 关键字，需确认响应编码｜复核 ok；标签并入内置 jenkins（afrog 源 id=jenkins-login）
kkfileview-panel	body	(?i)<title>kkFileView演示首页</title>	200	/index	kkfileview-panel.yaml	ok	afrog-pocs(MIT): kkFileView Panel - Detect；请求路径 /index 未表达（我们按响应内容打标签）；大小写不敏感；非 ASCII 关键字，需确认响应编码｜复核 ok
kubernetes-enterprise-manager	body	Kubernetes\ Enterprise\ Manager	200	/metrics	kubernetes-enterprise-manager.yaml	ok	afrog-pocs(MIT): Kubernetes Enterprise Manager Detect；请求路径 /metrics 未表达（我们按响应内容打标签）｜复核 ok
manageengine-analytics	body	(?i)<title>ManageEngine\ Analytics\ Plus</title>	200	/iam/login	manageengine-analytics.yaml	ok	afrog-pocs(MIT): ZOHO ManageEngine Analytics Plus Panel - Detect；请求路径 /iam/login 未表达（我们按响应内容打标签）；大小写不敏感｜复核 ok
mapgis-cloud-manager-panel	body	(?i)<title>MapGIS\ Cloud\ Manager</title>	200	/manager/	mapgis-cloud-manager-panel.yaml	ok	afrog-pocs(MIT): MapGIS云运维管理系统；请求路径 /manager/ 未表达（我们按响应内容打标签）；大小写不敏感｜复核 ok
microsoft-exchange-panel	body	Exchange\ Admin\ Center	200	/owa/auth/logon.aspx?replaceCurrent=1&url={{hostUrl}}/ecp	microsoft-exchange-panel.yaml	ok	afrog-pocs(MIT): Microsoft Exchange Control Panel；请求路径 /owa/auth/logon.aspx?replaceCurrent=1&url={{hostUrl}}/ecp 未表达（我们按响应内容打标签）｜复核 ok
minio	body	(?i)<title>minio\ browser</title>	200	/minio/login	minio-browser.yaml	ok	afrog-pocs(MIT): MinIO Browser；请求路径 /minio/login 未表达（我们按响应内容打标签）；大小写不敏感｜复核 ok；标签并入内置 minio（afrog 源 id=minio-browser）
minio	body	(?i)<title>minio\ console</title>	200	/login	minio-console.yaml	ok	afrog-pocs(MIT): MinIO Console；请求路径 /login 未表达（我们按响应内容打标签）；大小写不敏感｜复核 ok；标签并入内置 minio（afrog 源 id=minio-console）
mobile-management-panel	body	移动管理平台\-企业管理|Mobile\ management\ platform	200	/	mobile-management-panel.yaml	no	afrog-pocs(MIT): Mobile Management Platform Panel - Detect；非 ASCII 关键字，需确认响应编码｜复核 no：判据是通用词组（Mobile management platform），标签也不是产品名
mongodb-ops-manager	body	MongoDB\ Ops\ Manager</title>	200	/account/login	mongodb-ops-manager.yaml	ok	afrog-pocs(MIT): MongoDB Ops Manager；请求路径 /account/login 未表达（我们按响应内容打标签）｜复核 ok
n8n-panel	body	(?i)<title>n8n\.io	200	/signin	n8n-panel.yaml	ok	afrog-pocs(MIT): n8n Panel - Detect；请求路径 /signin 未表达（我们按响应内容打标签）；大小写不敏感｜复核 ok
neo4j-browser	body	(?i)<title>Neo4j\ Browser</title>	200	/browser	neo4j-browser.yaml	ok	afrog-pocs(MIT): Neo4j Browser - Detect；请求路径 /browser 未表达（我们按响应内容打标签）；大小写不敏感｜复核 ok
newcapec-detect	body	(?i)<title>掌上校园服务管理平台</title>	200	/login.action	newcapec-detect.yaml	ok	afrog-pocs(MIT): 掌上校园服务管理平台；请求路径 /login.action 未表达（我们按响应内容打标签）；大小写不敏感；非 ASCII 关键字，需确认响应编码｜复核 ok
novnc-login-panel	body	(?i)<title>noVNC</title>	200	/vnc.html	novnc-login-panel.yaml	ok	afrog-pocs(MIT): noVNC Login Panel - Detect；请求路径 /vnc.html 未表达（我们按响应内容打标签）；大小写不敏感｜复核 ok
o2oa-detect	body	(?i)<title>O2OA</title>	200	/x_desktop/index.html	o2oa-detect.yaml	ok	afrog-pocs(MIT): O2OA 企业及团队办公平台；请求路径 /x_desktop/index.html 未表达（我们按响应内容打标签）；大小写不敏感｜复核 ok
openemr-detect	body	"title":"OpenEMR\ Product\ Registration"	200	/interface/login/login.php?site=default	openemr-detect.yaml	ok	afrog-pocs(MIT): OpenEMR Product Registration Panel - Detect；请求路径 /interface/login/login.php?site=default 未表达（我们按响应内容打标签）｜复核 ok
openstack-dashboard-login	body	(?i)<title>Login\ \-\ OpenStack\ Dashboard</title>	200	/dashboard/auth/login/,/horizon/auth/login/?next=/horizon/	openstack-dashboard-login.yaml	ok	afrog-pocs(MIT): OpenStack Dashboard Login Panel - Detect；请求路径 /dashboard/auth/login/,/horizon/auth/login/?next=/horizon/ 未表达（我们按响应内容打标签）；大小写不敏感｜复核 ok
openvpn-admin	body	<title>OpenVPN\-Admin	200	/index.php,/login	openvpn-admin.yaml	ok	afrog-pocs(MIT): OpenVPN Admin Login Panel - Detect；请求路径 /index.php,/login 未表达（我们按响应内容打标签）｜复核 ok
realor-panel	body	(?i)<title>欢迎使用瑞友应用虚拟化系统_管理后台</title>	200	/index.php?s=/Admin/userlist	realor-panel.yaml	ok	afrog-pocs(MIT): 瑞友应用虚拟化系统；请求路径 /index.php?s=/Admin/userlist 未表达（我们按响应内容打标签）；大小写不敏感；非 ASCII 关键字，需确认响应编码｜复核 ok
sap-icm-admin	body	(?i)<title>Administration</title>|<TITLE>ICM\ Administration</TITLE>	200	/sap/admin/public/index.html,/sap/admin/public/session_logon.html	sap-icm-admin.yaml	no	afrog-pocs(MIT): SAP ICM Admin Web Interface；请求路径 /sap/admin/public/index.html,/sap/admin/public/session_logon.html 未表达（我们按响应内容打标签）；大小写不敏感｜复核 no：判据里有通用标题 <title>Administration</title>，任何管理后台都会命中
sap-netweaver-portal	body	<title>SAP\&\#x20;NetWeaver\&\#x20;Portal</title>	200	/irj/portal	sap-netweaver-portal.yaml	ok	afrog-pocs(MIT): SAP NetWeaver Portal - Detect；请求路径 /irj/portal 未表达（我们按响应内容打标签）｜复核 ok
sap-nw-webgui	body	<title>Logon</title>|sap\-system\-login		/sap/bc/gui/sap/its/webgui	sap-nw-webgui.yaml	no	afrog-pocs(MIT): SAP NetWeaver WebGUI Detection；请求路径 /sap/bc/gui/sap/its/webgui 未表达（我们按响应内容打标签）｜复核 no：没有状态码门控，且 <title>Logon</title> 是通用词
sap-web-dispatcher-administration	body	(?i)<TITLE>Web\ Dispatcher\ Administration</TITLE>	200	/sap/wdisp/admin/public/session_logon.html	sap-web-dispatcher-administration.yaml	ok	afrog-pocs(MIT): SAP Web Dispatcher Administration；请求路径 /sap/wdisp/admin/public/session_logon.html 未表达（我们按响应内容打标签）；大小写不敏感｜复核 ok
secvpn-detect	body	url="admin\.php\?controller=admin_index\&action=get_user_login_fristauth\&username=	200	/admin.php?controller=admin_index&action=login	secvpn-detect.yaml	ok	afrog-pocs(MIT): 中远麒麟堡垒机；请求路径 /admin.php?controller=admin_index&action=login 未表达（我们按响应内容打标签）｜复核 ok
seeyon	body	(?i)<title>A8\ Management\ Monitor</title>	200	/seeyon/management/index.jsp	seeyon-a8-management-detect.yaml	ok	afrog-pocs(MIT): Seeyon A8 Management Monitor Detect；请求路径 /seeyon/management/index.jsp 未表达（我们按响应内容打标签）；大小写不敏感｜复核 ok；标签并入内置 seeyon（afrog 源 id=seeyon-a8-management-detect）
shiro-detect	headers	rememberMe=deleteMe		/	shiro-detect.yaml	no	afrog-pocs(MIT): Shiro Detect；｜复核 no：没有状态码门控，且内置 shiro（cookie rememberMe=）已覆盖同一判据
solarwinds-orion	body	SolarWinds\ Orion	200	/Orion/Login.aspx	solarwinds-orion-panel.yaml	ok	afrog-pocs(MIT): SolarWinds Orion Panel；请求路径 /Orion/Login.aspx 未表达（我们按响应内容打标签）｜复核 ok
sonicwall-management-panel	body	<title>SonicWall\ \-\ Authentication</title>	200	/auth.html	sonicwall-management-panel.yaml	ok	afrog-pocs(MIT): SonicWall Management Panel；请求路径 /auth.html 未表达（我们按响应内容打标签）｜复核 ok
sonicwall-sslvpn-panel	body	<title>Virtual\ Office</title>	200	/cgi-bin/welcome	sonicwall-sslvpn-panel.yaml	no	afrog-pocs(MIT): SonicWall Virtual Office SSLVPN Panel；请求路径 /cgi-bin/welcome 未表达（我们按响应内容打标签）｜复核 no：判据 <title>Virtual Office</title> 不含产品名，容易误标
spring	body	"status":999	500	/error	spring-detect.yaml	ok	afrog-pocs(MIT): Spring detected；请求路径 /error 未表达（我们按响应内容打标签）｜复核 ok；标签并入内置 spring（afrog 源 id=spring-detect）
springblade-detect	body	saber/iconfont\.css|Saber\ 将不能正常工作|We're\ sorry\ but\ avue\-data\ doesn't\ work		/,/#/login	springblade-detect.yaml	no	afrog-pocs(MIT): SpringBlade 框架；请求路径 /,/#/login 未表达（我们按响应内容打标签）；非 ASCII 关键字，需确认响应编码｜复核 no：两条判据都没有状态码门控
springblade-detect	body	(?i)<title>Sword\ Admin		/,/#/login	springblade-detect.yaml	no	afrog-pocs(MIT): SpringBlade 框架；请求路径 /,/#/login 未表达（我们按响应内容打标签）；大小写不敏感｜复核 no：两条判据都没有状态码门控
taihe-panel	body	(?i)<title>泰合信息安全运营中心系统\-日志审计\ \-\ 登录</title>	200	/sa/login.jsp	taihe-panel.yaml	ok	afrog-pocs(MIT): 泰合信息安全运营中心系统-日志审计；请求路径 /sa/login.jsp 未表达（我们按响应内容打标签）；大小写不敏感；非 ASCII 关键字，需确认响应编码｜复核 ok
tenda-panel	body	<title>Tenda\ 11N\ Wireless\ Router\ Login\ Screen</title>|<title>Tenda\ \|\ LOGIN</title>|<title>Tenda\ \|\ Login</title>|<title>Tenda\ Wireless\ Router</title>|<title>Tenda\ Wi\-Fi</title>|<title>腾达无线路由器</title>|<title>Tenda\|登录</title>|<title>Tenda\ Web\ Master</title>	200	/login.html	tenda-panel.yaml	ok	afrog-pocs(MIT): Tenda Panel；请求路径 /login.html 未表达（我们按响应内容打标签）；非 ASCII 关键字，需确认响应编码｜复核 ok
tianjing-panel	body	(?i)<title>天镜脆弱性扫描与管理系统</title>	200	/login/loginIndex.action	tianjing-panel.yaml	ok	afrog-pocs(MIT): 天镜脆弱性扫描与管理系统；请求路径 /login/loginIndex.action 未表达（我们按响应内容打标签）；大小写不敏感；非 ASCII 关键字，需确认响应编码｜复核 ok
tianyue-panel	body	(?i)<title>天玥运维安全网关V	200	/client/login/index	tianyue-panel.yaml	ok	afrog-pocs(MIT): 天玥运维安全网关；请求路径 /client/login/index 未表达（我们按响应内容打标签）；大小写不敏感；非 ASCII 关键字，需确认响应编码｜复核 ok
xiruanyun-xms-detect	body	(?i)<title>西软云XMS</title>	200	/WebXMS	xiruanyun-xms-detect.yaml	ok	afrog-pocs(MIT): 西软云XMS；请求路径 /WebXMS 未表达（我们按响应内容打标签）；大小写不敏感；非 ASCII 关键字，需确认响应编码｜复核 ok
xxljob-panel	body	<a><b>XXL</b>JOB</a>	200	/toLogin,/xxl-job-admin/toLogin	xxljob-panel.yaml	ok	afrog-pocs(MIT): XXLJOB Admin Login Panel - Detect；请求路径 /toLogin,/xxl-job-admin/toLogin 未表达（我们按响应内容打标签）｜复核 ok
yunlian-pos-erp-detect	body	(?i)<title>管理中心\ \-\ Powered\ By\ chaosZ</title>	200	/admin/index.jsp	yunlian-pos-erp-detect.yaml	ok	afrog-pocs(MIT): 云连 POS-ERP 管理系统；请求路径 /admin/index.jsp 未表达（我们按响应内容打标签）；大小写不敏感；非 ASCII 关键字，需确认响应编码｜复核 ok
